Name of Issuer,CUSIP,Value,Shares,Ratio
ALPHABET INC,02079K107,10382,15000,0.22816579491011385
AMGEN INC,031162100,6086,40000,0.13375236253351502
HCA HOLDINGS INC,40412C101,7701,100000,0.1692453078985539
NEOPHOTONICS CORP,64051T100,2859,300000,0.06283240297129797
NEXPOINT RESIDENTIAL TR INC,65341D102,11100,609905,0.24394532108478748
THERAVANCE BIOPHARMA INC,G8807B106,7374,325000,0.1620588106017318
